,Feature,Importance
4,room_type_num,0.5712148247203439
7,bedrooms,0.10633565181584546
9,cleaning_fee,0.07919745439670955
2,calculated_host_listings_count,0.05691695030458248
3,availability_365,0.04840716906406308
5,accommodates,0.03854653321582866
6,bathrooms,0.03175870103701225
1,number_of_reviews,0.029791074878242157
0,minimum_nights,0.021175122178381633
10,guests_included,0.009685962741919263
8,beds,0.006970555647071459
